<?xml version="1.0" encoding="utf-8"?>
<datastore-indexes  autoGenerate="true">
<datastore-index kind="Organization" ancestor="false" source="manual">
	<property name="displayStatus" direction="asc"/>
	<property name="name" direction="asc"/>
</datastore-index>
	
<datastore-index kind="Organization" ancestor="false" source="manual">
	<property name="organizationCategory" direction="asc"/>
	<property name="name" direction="asc"/>
</datastore-index>

<datastore-index kind="Request" ancestor="false" source="manual">
       <property name="cancelled" direction="asc"/>
       <property name="requestStatus" direction="asc"/>
</datastore-index>

<datastore-index kind="Request" ancestor="false" source="manual">
        <property name="languageId" direction="asc"/>
        <property name="auditPutDate" direction="desc"/>
</datastore-index>

<datastore-index kind="Request" ancestor="false" source="manual">
     <property name="cancelled" direction="asc"/>
     <property name="auditPutDate" direction="asc"/>
</datastore-index>

<datastore-index kind="RequestIndex" ancestor="false" source="manual">
        <property name="index" direction="asc"/>
        <property name="interpreterSet" direction="asc"/>
</datastore-index>

<datastore-index kind="RequestIndex" ancestor="false" source="manual">
        <property name="index" direction="asc"/>
        <property name="languageId" direction="asc"/>
</datastore-index>

<datastore-index kind="RequestIndex" ancestor="false" source="manual">
        <property name="index" direction="asc"/>
		<property name="organizationId" direction="asc"/>
        <property name="interpreterSet" direction="asc"/>
</datastore-index>

<datastore-index kind="RequestIndex" ancestor="false" source="manual">
        <property name="index" direction="asc"/>
		<property name="languageId" direction="asc"/>
        <property name="interpreterSet" direction="asc"/>
</datastore-index>

<datastore-index kind="RequestIndex" ancestor="false" source="manual">
        <property name="index" direction="asc"/>
		<property name="languageId" direction="asc"/>
		<property name="organizationId" direction="asc"/>
        <property name="interpreterSet" direction="asc"/>
</datastore-index>

<datastore-index kind="RequestEvent" ancestor="false" source="manual">
        <property name="airliftAuditTrailId" direction="asc"/>
        <property name="auditPutDate" direction="asc"/>
</datastore-index>

<datastore-index kind="RequestContact" ancestor="false" source="manual">
        <property name="requestId" direction="asc"/>
        <property name="auditPutDate" direction="asc"/>
</datastore-index>

<datastore-index kind="RequestContact" ancestor="false" source="manual">
        <property name="email" direction="asc"/>
        <property name="fullName" direction="asc"/>
        <property name="primaryPhone" direction="asc"/>
        <property name="requestId" direction="asc"/>
        <property name="auditPutDate" direction="asc"/>
</datastore-index>

<datastore-index kind="RequestContact" ancestor="false" source="manual">
        <property name="email" direction="asc"/>
        <property name="fullName" direction="asc"/>
        <property name="organizationId" direction="asc"/>
        <property name="primaryPhone" direction="asc"/>
        <property name="requestId" direction="asc"/>
        <property name="auditPutDate" direction="asc"/>
</datastore-index>

<datastore-index kind="Language" ancestor="false" source="manual">
        <property name="displayStatus" direction="asc"/>
        <property name="displayOrder" direction="asc"/>
</datastore-index>

<datastore-index kind="Language" ancestor="false" source="manual">
        <property name="displayStatus" direction="asc"/>
        <property name="displayOrder" direction="asc"/>
		<property name="name" direction="asc"/>
</datastore-index>

<datastore-index kind="Nationality" ancestor="false" source="manual">
        <property name="displayStatus" direction="asc"/>
        <property name="displayOrder" direction="asc"/>
</datastore-index>

<datastore-index kind="Interpreter" ancestor="false" source="manual">
        <property name="email" direction="asc"/>
        <property name="auditPutDate" direction="asc"/>
</datastore-index>
	
<datastore-index kind="Interpreter" ancestor="false" source="manual">
        <property name="activityStatus" direction="asc"/>
        <property name="fullName" direction="asc"/>
</datastore-index>

<datastore-index kind="Interpreter" ancestor="false" source="manual">
        <property name="activityStatus" direction="asc"/>
        <property name="email" direction="asc"/>
        <property name="auditPutDate" direction="asc"/>		
</datastore-index>


<datastore-index kind="InterpreterProfile" ancestor="false" source="manual">
        <property name="interpreterId" direction="asc"/>
        <property name="auditPutDate" direction="asc"/>
</datastore-index>

<datastore-index kind="InterpreterProfile" ancestor="false" source="manual">
        <property name="activityStatus" direction="asc"/>
        <property name="languageId" direction="asc"/>
        <property name="typeOfAssignment" direction="asc"/>
        <property name="rating" direction="desc"/>
</datastore-index>

<datastore-index kind="InterpreterProfile" ancestor="false" source="manual">
        <property name="activityStatus" direction="asc"/>
        <property name="gender" direction="asc"/>
        <property name="languageId" direction="asc"/>
        <property name="typeOfAssignment" direction="asc"/>
        <property name="rating" direction="desc"/>
</datastore-index>

<datastore-index kind="InterpreterProfile" ancestor="false" source="manual">
        <property name="activityStatus" direction="asc"/>
        <property name="gender" direction="asc"/>
        <property name="languageId" direction="asc"/>
        <property name="rating" direction="desc"/>
</datastore-index>

<datastore-index kind="InterpreterProfile" ancestor="false" source="manual">
        <property name="activityStatus" direction="asc"/>
        <property name="languageId" direction="asc"/>
        <property name="typeOfAssignment" direction="asc"/>
        <property name="typeOfInterpretation" direction="asc"/>
        <property name="rating" direction="desc"/>
</datastore-index>

<datastore-index kind="InterpreterProfile" ancestor="false" source="manual">
        <property name="activityStatus" direction="asc"/>
        <property name="languageId" direction="asc"/>
        <property name="typeOfInterpretation" direction="asc"/>
        <property name="rating" direction="desc"/>
    </datastore-index>

<datastore-index kind="InterpreterProfile" ancestor="false" source="manual">
	<property name="activityStatus" direction="asc"/>
	<property name="languageId" direction="asc"/>
	<property name="typeOfInterpretation" direction="asc"/>
	<property name="rating" direction="desc"/>
</datastore-index>

<datastore-index kind="AirliftUser" ancestor="false" source="manual">
        <property name="email" direction="asc"/>
        <property name="auditPutDate" direction="asc"/>
</datastore-index>

<datastore-index kind="Scheduler" ancestor="false" source="manual">
        <property name="activityStatus" direction="asc"/>
        <property name="auditPutDate" direction="asc"/>
</datastore-index>
	
<datastore-index kind="Scheduler" ancestor="false" source="manual">
        <property name="email" direction="asc"/>
        <property name="auditPutDate" direction="asc"/>
</datastore-index>

<datastore-index kind="Fax" ancestor="false" source="manual">
        <property name="receptionStatus" direction="asc"/>
        <property name="auditPostDate" direction="asc"/>
</datastore-index>

<datastore-index kind="Encounter" ancestor="false" source="manual">
        <property name="interpreterId" direction="asc"/>
        <property name="requestId" direction="asc"/>		
        <property name="auditPutDate" direction="asc"/>
</datastore-index>

<datastore-index kind="Encounter" ancestor="false" source="manual">
        <property name="status" direction="asc"/>
        <property name="auditPutDate" direction="asc"/>
</datastore-index>

<datastore-index kind="Customer" ancestor="false" source="manual">
        <property name="email" direction="asc"/>
        <property name="auditPutDate" direction="asc"/>
</datastore-index>

<datastore-index kind="CustomerRequestNote" ancestor="false" source="manual">
        <property name="requestId" direction="asc"/>
        <property name="auditPutDate" direction="asc"/>
</datastore-index>

<datastore-index kind="CustomerRequestNote" ancestor="false" source="manual">
        <property name="requestId" direction="asc"/>
        <property name="auditPutDate" direction="desc"/>
</datastore-index>

<datastore-index kind="CustomerRequestNote" ancestor="false" source="manual">
        <property name="requestId" direction="asc"/>
        <property name="auditPostDate" direction="desc"/>
</datastore-index>

<datastore-index kind="SuperUser" ancestor="false" source="manual">
        <property name="email" direction="asc"/>
        <property name="auditPutDate" direction="asc"/>
</datastore-index>

<datastore-index kind="BackOfficeUser" ancestor="false" source="manual">
        <property name="email" direction="asc"/>
        <property name="auditPutDate" direction="asc"/>
</datastore-index>

<datastore-index kind="Admin" ancestor="false" source="manual">
        <property name="email" direction="asc"/>
        <property name="auditPutDate" direction="asc"/>
</datastore-index>

<datastore-index kind="InterpreterProfile" ancestor="false" source="manual">
        <property name="activityStatus" direction="asc"/>
        <property name="languageId" direction="asc"/>
        <property name="rating" direction="desc"/>
</datastore-index>

<datastore-index kind="Contact" ancestor="false" source="manual">
        <property name="activityStatus" direction="asc"/>
        <property name="organizationId" direction="asc"/>
        <property name="auditPutDate" direction="asc"/>
</datastore-index>

<datastore-index kind="AirliftAuditTrail" ancestor="false" source="manual">
        <property name="domainId" direction="asc"/>
        <property name="actionDate" direction="asc"/>
</datastore-index>

<datastore-index kind="AirliftAuditTrail" ancestor="false" source="manual">
        <property name="domainId" direction="asc"/>
		<property name="actionDate" direction="asc"/>
        <property name="handlerName" direction="asc"/>
</datastore-index>

<datastore-index kind="AirliftAuditTrail" ancestor="false" source="manual">
        <property name="domainId" direction="asc"/>
        <property name="handlerName" direction="asc"/>
</datastore-index>

<datastore-index kind="AirliftAuditTrail" ancestor="false" source="manual">
        <property name="domainId" direction="asc"/>
        <property name="action" direction="asc"/>
</datastore-index>

<datastore-index kind="AirliftAuditTrail" ancestor="false" source="manual">
        <property name="domainId" direction="asc"/>
        <property name="method" direction="asc"/>
</datastore-index>

<datastore-index kind="AirliftAuditTrail" ancestor="false" source="manual">
        <property name="domainId" direction="asc"/>
		<property name="actionDate" direction="asc"/>
        <property name="action" direction="asc"/>
</datastore-index>

<datastore-index kind="AirliftAuditTrail" ancestor="false" source="manual">
        <property name="domainId" direction="asc"/>
		<property name="actionDate" direction="asc"/>
        <property name="method" direction="asc"/>
</datastore-index>
	
<datastore-index kind="AirliftAuditTrail" ancestor="false" source="manual">
        <property name="domain" direction="asc"/>
        <property name="actionDate" direction="asc"/>
</datastore-index>

</datastore-indexes>